{"licenses": [{"name": "", "id": 0, "url": ""}], "info": {"contributor": "", "date_created": "", "description": "", "url": "", "version": "", "year": ""}, "categories": [{"id": 1, "name": "Gamespace", "supercategory": ""}], "images": [{"id": 1, "width": 720, "height": 1280, "file_name": "frame880.jpg", "license": 0, "flickr_url": "", "coco_url": "", "date_captured": 0}, {"id": 2, "width": 720, "height": 1280, "file_name": "frame820.jpg", "license": 0, "flickr_url": "", "coco_url": "", "date_captured": 0}, {"id": 3, "width": 720, "height": 1280, "file_name": "frame800.jpg", "license": 0, "flickr_url": "", "coco_url": "", "date_captured": 0}, {"id": 4, "width": 720, "height": 1280, "file_name": "frame80.jpg", "license": 0, "flickr_url": "", "coco_url": "", "date_captured": 0}, {"id": 5, "width": 720, "height": 1280, "file_name": "frame780.jpg", "license": 0, "flickr_url": "", "coco_url": "", "date_captured": 0}, {"id": 6, "width": 720, "height": 1280, "file_name": "frame760.jpg", "license": 0, "flickr_url": "", "coco_url": "", "date_captured": 0}, {"id": 7, "width": 720, "height": 1280, "file_name": "frame740.jpg", "license": 0, "flickr_url": "", "coco_url": "", "date_captured": 0}, {"id": 8, "width": 720, "height": 1280, "file_name": "frame700.jpg", "license": 0, "flickr_url": "", "coco_url": "", "date_captured": 0}, {"id": 9, "width": 720, "height": 1280, "file_name": "frame680.jpg", "license": 0, "flickr_url": "", "coco_url": "", "date_captured": 0}, {"id": 10, "width": 720, "height": 1280, "file_name": "frame660.jpg", "license": 0, "flickr_url": "", "coco_url": "", "date_captured": 0}, {"id": 11, "width": 720, "height": 1280, "file_name": "frame640.jpg", "license": 0, "flickr_url": "", "coco_url": "", "date_captured": 0}, {"id": 12, "width": 720, "height": 1280, "file_name": "frame600.jpg", "license": 0, "flickr_url": "", "coco_url": "", "date_captured": 0}, {"id": 13, "width": 720, "height": 1280, "file_name": "frame580.jpg", "license": 0, "flickr_url": "", "coco_url": "", "date_captured": 0}, {"id": 14, "width": 720, "height": 1280, "file_name": "frame560.jpg", "license": 0, "flickr_url": "", "coco_url": "", "date_captured": 0}, {"id": 15, "width": 720, "height": 1280, "file_name": "frame540.jpg", "license": 0, "flickr_url": "", "coco_url": "", "date_captured": 0}, {"id": 16, "width": 720, "height": 1280, "file_name": "frame520.jpg", "license": 0, "flickr_url": "", "coco_url": "", "date_captured": 0}, {"id": 17, "width": 720, "height": 1280, "file_name": "frame500.jpg", "license": 0, "flickr_url": "", "coco_url": "", "date_captured": 0}, {"id": 18, "width": 720, "height": 1280, "file_name": "frame480.jpg", "license": 0, "flickr_url": "", "coco_url": "", "date_captured": 0}, {"id": 19, "width": 720, "height": 1280, "file_name": "frame460.jpg", "license": 0, "flickr_url": "", "coco_url": "", "date_captured": 0}, {"id": 20, "width": 720, "height": 1280, "file_name": "frame440.jpg", "license": 0, "flickr_url": "", "coco_url": "", "date_captured": 0}, {"id": 21, "width": 720, "height": 1280, "file_name": "frame420.jpg", "license": 0, "flickr_url": "", "coco_url": "", "date_captured": 0}, {"id": 22, "width": 720, "height": 1280, "file_name": "frame400.jpg", "license": 0, "flickr_url": "", "coco_url": "", "date_captured": 0}, {"id": 23, "width": 720, "height": 1280, "file_name": "frame40.jpg", "license": 0, "flickr_url": "", "coco_url": "", "date_captured": 0}, {"id": 24, "width": 720, "height": 1280, "file_name": "frame340.jpg", "license": 0, "flickr_url": "", "coco_url": "", "date_captured": 0}, {"id": 25, "width": 720, "height": 1280, "file_name": "frame220.jpg", "license": 0, "flickr_url": "", "coco_url": "", "date_captured": 0}, {"id": 26, "width": 720, "height": 1280, "file_name": "frame200.jpg", "license": 0, "flickr_url": "", "coco_url": "", "date_captured": 0}, {"id": 27, "width": 720, "height": 1280, "file_name": "frame20.jpg", "license": 0, "flickr_url": "", "coco_url": "", "date_captured": 0}, {"id": 28, "width": 720, "height": 1280, "file_name": "frame140.jpg", "license": 0, "flickr_url": "", "coco_url": "", "date_captured": 0}, {"id": 29, "width": 720, "height": 1280, "file_name": "frame120.jpg", "license": 0, "flickr_url": "", "coco_url": "", "date_captured": 0}, {"id": 30, "width": 720, "height": 1280, "file_name": "frame100.jpg", "license": 0, "flickr_url": "", "coco_url": "", "date_captured": 0}, {"id": 31, "width": 720, "height": 1280, "file_name": "frame0.jpg", "license": 0, "flickr_url": "", "coco_url": "", "date_captured": 0}], "annotations": [{"id": 1, "image_id": 1, "category_id": 1, "segmentation": [[121.17, 384.51, 658.68, 500.22, 505.64, 910.82, 42.78, 845.5]], "area": 228400.0, "bbox": [42.78, 384.51, 615.9, 526.31], "iscrowd": 0, "attributes": {"occluded": false}}, {"id": 2, "image_id": 2, "category_id": 1, "segmentation": [[296.3, 353.06, 697.56, 521.03, 542.03, 958.07, 111.22, 908.3]], "area": 224973.0, "bbox": [111.22, 353.06, 586.34, 605.01], "iscrowd": 0, "attributes": {"occluded": false}}, {"id": 3, "image_id": 3, "category_id": 1, "segmentation": [[224.75, 398.17, 571.58, 572.36, 440.94, 1004.73, 30.34, 954.96]], "area": 205508.0, "bbox": [30.34, 398.17, 541.24, 606.56], "iscrowd": 0, "attributes": {"occluded": false}}, {"id": 4, "image_id": 4, "category_id": 1, "segmentation": [[117.44, 536.59, 542.03, 421.5, 720.0, 804.1, 226.31, 973.62]], "area": 208541.0, "bbox": [117.44, 421.5, 602.56, 552.12], "iscrowd": 0, "attributes": {"occluded": false}}, {"id": 5, "image_id": 5, "category_id": 1, "segmentation": [[298.01, 373.62, 172.28, 955.12, 582.64, 998.77, 655.99, 541.26]], "area": 210165.0, "bbox": [172.28, 373.62, 483.71, 625.15], "iscrowd": 0, "attributes": {"occluded": false}}, {"id": 6, "image_id": 6, "category_id": 1, "segmentation": [[170.53, 375.36, 126.87, 925.43, 586.14, 941.15, 575.66, 494.11]], "area": 216587.0, "bbox": [126.87, 375.36, 459.27, 565.79], "iscrowd": 0, "attributes": {"occluded": false}}, {"id": 7, "image_id": 7, "category_id": 1, "segmentation": [[91.95, 419.02, 105.92, 946.39, 607.09, 913.21, 544.23, 464.42]], "area": 232399.0, "bbox": [91.95, 419.02, 515.14, 527.37], "iscrowd": 0, "attributes": {"occluded": false}}, {"id": 8, "image_id": 8, "category_id": 1, "segmentation": [[140.84, 541.26, 214.19, 1052.91, 689.17, 967.34, 572.17, 530.78]], "area": 219475.0, "bbox": [140.84, 530.78, 548.33, 522.13], "iscrowd": 0, "attributes": {"occluded": false}}, {"id": 9, "image_id": 9, "category_id": 1, "segmentation": [[425.48, 520.3, 483.11, 935.91, 39.56, 993.54, 11.62, 516.81]], "area": 192448.0, "bbox": [11.62, 516.81, 471.49, 476.73], "iscrowd": 0, "attributes": {"occluded": false}}, {"id": 10, "image_id": 10, "category_id": 1, "segmentation": [[105.92, 434.74, 563.44, 415.53, 598.36, 857.33, 151.32, 899.24]], "area": 206116.0, "bbox": [105.92, 415.53, 492.44, 483.71], "iscrowd": 0, "attributes": {"occluded": false}}, {"id": 11, "image_id": 11, "category_id": 1, "segmentation": [[72.74, 370.13, 547.72, 349.17, 572.17, 794.46, 132.11, 838.12]], "area": 210246.0, "bbox": [72.74, 349.17, 499.43, 488.95], "iscrowd": 0, "attributes": {"occluded": false}}, {"id": 12, "image_id": 12, "category_id": 1, "segmentation": [[65.75, 452.2, 507.56, 436.48, 523.27, 832.88, 111.16, 857.33]], "area": 171711.0, "bbox": [65.75, 436.48, 457.52, 420.85], "iscrowd": 0, "attributes": {"occluded": false}}, {"id": 13, "image_id": 13, "category_id": 1, "segmentation": [[172.28, 445.21, 610.58, 448.71, 580.9, 827.64, 181.01, 841.61]], "area": 162424.0, "bbox": [172.28, 445.21, 438.3, 396.4], "iscrowd": 0, "attributes": {"occluded": false}}, {"id": 14, "image_id": 14, "category_id": 1, "segmentation": [[182.75, 415.53, 104.17, 843.36, 493.59, 846.85, 593.12, 478.39]], "area": 162161.0, "bbox": [104.17, 415.53, 488.95, 431.32], "iscrowd": 0, "attributes": {"occluded": false}}, {"id": 15, "image_id": 15, "category_id": 1, "segmentation": [[158.31, 399.81, 549.47, 506.33, 430.72, 859.08, 57.02, 824.15]], "area": 156339.0, "bbox": [57.02, 399.81, 492.45, 459.27], "iscrowd": 0, "attributes": {"occluded": false}}, {"id": 16, "image_id": 16, "category_id": 1, "segmentation": [[161.8, 431.24, 552.96, 522.05, 430.72, 878.28, 50.04, 860.82]], "area": 157996.0, "bbox": [50.04, 431.24, 502.92, 447.04], "iscrowd": 0, "attributes": {"occluded": false}}, {"id": 17, "image_id": 17, "category_id": 1, "segmentation": [[208.95, 438.23, 107.66, 878.28, 474.38, 894.0, 577.41, 532.53]], "area": 152934.0, "bbox": [107.66, 438.23, 469.75, 455.77], "iscrowd": 0, "attributes": {"occluded": false}}, {"id": 18, "image_id": 18, "category_id": 1, "segmentation": [[610.58, 543.0, 504.06, 916.7, 123.38, 887.02, 226.41, 453.95]], "area": 160490.0, "bbox": [123.38, 453.95, 487.2, 462.75], "iscrowd": 0, "attributes": {"occluded": false}}, {"id": 19, "image_id": 20, "category_id": 1, "segmentation": [[504.06, 633.81, 423.74, 1024.97, 18.61, 1021.48, 105.92, 549.99]], "area": 176882.0, "bbox": [18.61, 549.99, 485.45, 474.98], "iscrowd": 0, "attributes": {"occluded": false}}, {"id": 20, "image_id": 21, "category_id": 1, "segmentation": [[133.86, 492.36, 119.89, 995.28, 552.96, 962.1, 556.45, 530.78]], "area": 199884.0, "bbox": [119.89, 492.36, 436.56, 502.92], "iscrowd": 0, "attributes": {"occluded": false}}, {"id": 21, "image_id": 22, "category_id": 1, "segmentation": [[130.37, 532.53, 144.34, 1033.7, 614.08, 981.31, 559.94, 541.26]], "area": 212366.0, "bbox": [130.37, 532.53, 483.71, 501.17], "iscrowd": 0, "attributes": {"occluded": false}}, {"id": 22, "image_id": 23, "category_id": 1, "segmentation": [[109.41, 787.48, 568.67, 867.81, 624.55, 455.69, 221.17, 412.04]], "area": 175050.0, "bbox": [109.41, 412.04, 515.14, 455.77], "iscrowd": 0, "attributes": {"occluded": false}}, {"id": 23, "image_id": 24, "category_id": 1, "segmentation": [[39.56, 787.48, 193.23, 1257.22, 640.27, 1051.16, 456.91, 635.56]], "area": 221470.0, "bbox": [39.56, 635.56, 600.71, 621.66], "iscrowd": 0, "attributes": {"occluded": false}}, {"id": 24, "image_id": 25, "category_id": 1, "segmentation": [[421.99, 679.21, 600.11, 1073.86, 149.57, 1253.73, 18.61, 794.46]], "area": 205145.0, "bbox": [18.61, 679.21, 581.5, 574.52], "iscrowd": 0, "attributes": {"occluded": false}}, {"id": 25, "image_id": 26, "category_id": 1, "segmentation": [[81.47, 689.69, 186.25, 1087.83, 594.87, 948.13, 441.2, 593.65]], "area": 159825.0, "bbox": [81.47, 593.65, 513.4, 494.18], "iscrowd": 0, "attributes": {"occluded": false}}, {"id": 26, "image_id": 27, "category_id": 1, "segmentation": [[252.6, 392.83, 41.31, 705.41, 470.88, 902.73, 631.54, 518.56]], "area": 170874.0, "bbox": [41.31, 392.83, 590.23, 509.9], "iscrowd": 0, "attributes": {"occluded": false}}, {"id": 27, "image_id": 28, "category_id": 1, "segmentation": [[291.02, 574.44, 43.05, 780.49, 345.15, 1023.22, 556.45, 778.75]], "area": 115250.0, "bbox": [43.05, 574.44, 513.4, 448.78], "iscrowd": 0, "attributes": {"occluded": false}}, {"id": 28, "image_id": 29, "category_id": 1, "segmentation": [[214.19, 523.79, 64.01, 782.24, 385.32, 928.92, 488.35, 651.27]], "area": 97200.0, "bbox": [64.01, 523.79, 424.34, 405.13], "iscrowd": 0, "attributes": {"occluded": false}}, {"id": 29, "image_id": 30, "category_id": 1, "segmentation": [[247.36, 506.33, 167.04, 848.6, 586.14, 928.92, 612.33, 572.69]], "area": 140874.0, "bbox": [167.04, 506.33, 445.29, 422.59], "iscrowd": 0, "attributes": {"occluded": false}}, {"id": 30, "image_id": 31, "category_id": 1, "segmentation": [[251.37, 324.12, 0.23, 602.81, 392.33, 831.26, 609.45, 487.77]], "area": 162537.0, "bbox": [0.23, 324.12, 609.22, 507.14], "iscrowd": 0, "attributes": {"occluded": false}}]}