{"licenses": [{"name": "", "id": 0, "url": ""}], "info": {"contributor": "", "date_created": "", "description": "", "url": "", "version": "", "year": ""}, "categories": [{"id": 1, "name": "Gamespace", "supercategory": ""}], "images": [{"id": 1, "width": 720, "height": 1280, "file_name": "frame880.jpg", "license": 0, "flickr_url": "", "coco_url": "", "date_captured": 0}, {"id": 2, "width": 720, "height": 1280, "file_name": "frame820.jpg", "license": 0, "flickr_url": "", "coco_url": "", "date_captured": 0}, {"id": 3, "width": 720, "height": 1280, "file_name": "frame800.jpg", "license": 0, "flickr_url": "", "coco_url": "", "date_captured": 0}, {"id": 4, "width": 720, "height": 1280, "file_name": "frame80.jpg", "license": 0, "flickr_url": "", "coco_url": "", "date_captured": 0}, {"id": 5, "width": 720, "height": 1280, "file_name": "frame780.jpg", "license": 0, "flickr_url": "", "coco_url": "", "date_captured": 0}, {"id": 6, "width": 720, "height": 1280, "file_name": "frame760.jpg", "license": 0, "flickr_url": "", "coco_url": "", "date_captured": 0}, {"id": 7, "width": 720, "height": 1280, "file_name": "frame740.jpg", "license": 0, "flickr_url": "", "coco_url": "", "date_captured": 0}, {"id": 8, "width": 720, "height": 1280, "file_name": "frame700.jpg", "license": 0, "flickr_url": "", "coco_url": "", "date_captured": 0}, {"id": 9, "width": 720, "height": 1280, "file_name": "frame680.jpg", "license": 0, "flickr_url": "", "coco_url": "", "date_captured": 0}, {"id": 10, "width": 720, "height": 1280, "file_name": "frame660.jpg", "license": 0, "flickr_url": "", "coco_url": "", "date_captured": 0}, {"id": 11, "width": 720, "height": 1280, "file_name": "frame640.jpg", "license": 0, "flickr_url": "", "coco_url": "", "date_captured": 0}, {"id": 12, "width": 720, "height": 1280, "file_name": "frame600.jpg", "license": 0, "flickr_url": "", "coco_url": "", "date_captured": 0}, {"id": 13, "width": 720, "height": 1280, "file_name": "frame580.jpg", "license": 0, "flickr_url": "", "coco_url": "", "date_captured": 0}, {"id": 14, "width": 720, "height": 1280, "file_name": "frame560.jpg", "license": 0, "flickr_url": "", "coco_url": "", "date_captured": 0}, {"id": 15, "width": 720, "height": 1280, "file_name": "frame540.jpg", "license": 0, "flickr_url": "", "coco_url": "", "date_captured": 0}, {"id": 16, "width": 720, "height": 1280, "file_name": "frame520.jpg", "license": 0, "flickr_url": "", "coco_url": "", "date_captured": 0}, {"id": 17, "width": 720, "height": 1280, "file_name": "frame500.jpg", "license": 0, "flickr_url": "", "coco_url": "", "date_captured": 0}, {"id": 18, "width": 720, "height": 1280, "file_name": "frame480.jpg", "license": 0, "flickr_url": "", "coco_url": "", "date_captured": 0}, {"id": 19, "width": 720, "height": 1280, "file_name": "frame460.jpg", "license": 0, "flickr_url": "", "coco_url": "", "date_captured": 0}, {"id": 20, "width": 720, "height": 1280, "file_name": "frame440.jpg", "license": 0, "flickr_url": "", "coco_url": "", "date_captured": 0}, {"id": 21, "width": 720, "height": 1280, "file_name": "frame420.jpg", "license": 0, "flickr_url": "", "coco_url": "", "date_captured": 0}, {"id": 22, "width": 720, "height": 1280, "file_name": "frame400.jpg", "license": 0, "flickr_url": "", "coco_url": "", "date_captured": 0}, {"id": 23, "width": 720, "height": 1280, "file_name": "frame40.jpg", "license": 0, "flickr_url": "", "coco_url": "", "date_captured": 0}, {"id": 24, "width": 720, "height": 1280, "file_name": "frame340.jpg", "license": 0, "flickr_url": "", "coco_url": "", "date_captured": 0}, {"id": 25, "width": 720, "height": 1280, "file_name": "frame220.jpg", "license": 0, "flickr_url": "", "coco_url": "", "date_captured": 0}, {"id": 26, "width": 720, "height": 1280, "file_name": "frame200.jpg", "license": 0, "flickr_url": "", "coco_url": "", "date_captured": 0}, {"id": 27, "width": 720, "height": 1280, "file_name": "frame20.jpg", "license": 0, "flickr_url": "", "coco_url": "", "date_captured": 0}, {"id": 28, "width": 720, "height": 1280, "file_name": "frame140.jpg", "license": 0, "flickr_url": "", "coco_url": "", "date_captured": 0}, {"id": 29, "width": 720, "height": 1280, "file_name": "frame120.jpg", "license": 0, "flickr_url": "", "coco_url": "", "date_captured": 0}, {"id": 30, "width": 720, "height": 1280, "file_name": "frame100.jpg", "license": 0, "flickr_url": "", "coco_url": "", "date_captured": 0}, {"id": 31, "width": 720, "height": 1280, "file_name": "frame0.jpg", "license": 0, "flickr_url": "", "coco_url": "", "date_captured": 0}], "annotations": [{"id": 1, "image_id": 1, "category_id": 1, "segmentation": [[121.17, 384.51, 658.68, 500.22, 505.64, 910.82, 42.78, 845.5]], "area": 228400.0, "bbox": [42.78, 384.51, 615.9, 526.31], "iscrowd": 0, "attributes": {"occluded": false}}, {"id": 2, "image_id": 2, "category_id": 1, "segmentation": [[296.3, 353.06, 697.56, 521.03, 542.03, 958.07, 111.22, 908.3]], "area": 224973.0, "bbox": [111.22, 353.06, 586.34, 605.01], "iscrowd": 0, "attributes": {"occluded": false}}, {"id": 3, "image_id": 3, "category_id": 1, "segmentation": [[224.75, 398.17, 571.58, 572.36, 440.94, 1004.73, 30.34, 954.96]], "area": 205508.0, "bbox": [30.34, 398.17, 541.24, 606.56], "iscrowd": 0, "attributes": {"occluded": false}}, {"id": 4, "image_id": 4, "category_id": 1, "segmentation": [[117.44, 536.59, 542.03, 421.5, 720.0, 804.1, 226.31, 973.62]], "area": 208541.0, "bbox": [117.44, 421.5, 602.56, 552.12], "iscrowd": 0, "attributes": {"occluded": false}}]}