{"licenses": [{"name": "", "id": 0, "url": ""}], "info": {"contributor": "", "date_created": "", "description": "", "url": "", "version": "", "year": ""}, "categories": [{"id": 1, "name": "Corner", "supercategory": ""}], "images": [{"id": 1, "width": 2016, "height": 1134, "file_name": "PXL_20201202_184115342_RESIZE.jpg", "license": 0, "flickr_url": "", "coco_url": "", "date_captured": 0}, {"id": 2, "width": 2016, "height": 1134, "file_name": "PXL_20201202_184109053_RESIZE.jpg", "license": 0, "flickr_url": "", "coco_url": "", "date_captured": 0}, {"id": 3, "width": 2016, "height": 1134, "file_name": "PXL_20201202_184106358_RESIZE.jpg", "license": 0, "flickr_url": "", "coco_url": "", "date_captured": 0}, {"id": 4, "width": 2016, "height": 1134, "file_name": "PXL_20201202_184103429_RESIZE.jpg", "license": 0, "flickr_url": "", "coco_url": "", "date_captured": 0}, {"id": 5, "width": 2016, "height": 1134, "file_name": "PXL_20201202_184058838_RESIZE.jpg", "license": 0, "flickr_url": "", "coco_url": "", "date_captured": 0}, {"id": 6, "width": 2016, "height": 1134, "file_name": "PXL_20201202_184006554_RESIZE.jpg", "license": 0, "flickr_url": "", "coco_url": "", "date_captured": 0}, {"id": 7, "width": 2016, "height": 1134, "file_name": "PXL_20201202_184004069_RESIZE.jpg", "license": 0, "flickr_url": "", "coco_url": "", "date_captured": 0}, {"id": 8, "width": 2016, "height": 1134, "file_name": "PXL_20201202_184001811_RESIZE.jpg", "license": 0, "flickr_url": "", "coco_url": "", "date_captured": 0}, {"id": 9, "width": 2016, "height": 1134, "file_name": "PXL_20201202_183959144.MP_RESIZE.jpg", "license": 0, "flickr_url": "", "coco_url": "", "date_captured": 0}, {"id": 10, "width": 2016, "height": 1134, "file_name": "PXL_20201202_183957203_RESIZE.jpg", "license": 0, "flickr_url": "", "coco_url": "", "date_captured": 0}, {"id": 11, "width": 2016, "height": 1134, "file_name": "PXL_20201202_183951827.MP_RESIZE.jpg", "license": 0, "flickr_url": "", "coco_url": "", "date_captured": 0}, {"id": 12, "width": 2016, "height": 1134, "file_name": "PXL_20201202_183949020_RESIZE.jpg", "license": 0, "flickr_url": "", "coco_url": "", "date_captured": 0}, {"id": 13, "width": 2016, "height": 1134, "file_name": "PXL_20201202_183944669_RESIZE.jpg", "license": 0, "flickr_url": "", "coco_url": "", "date_captured": 0}, {"id": 14, "width": 2016, "height": 1134, "file_name": "PXL_20201202_183941959_RESIZE.jpg", "license": 0, "flickr_url": "", "coco_url": "", "date_captured": 0}, {"id": 15, "width": 2016, "height": 1134, "file_name": "PXL_20201202_183938557_RESIZE.jpg", "license": 0, "flickr_url": "", "coco_url": "", "date_captured": 0}, {"id": 16, "width": 2016, "height": 1134, "file_name": "PXL_20201202_183933727_RESIZE.jpg", "license": 0, "flickr_url": "", "coco_url": "", "date_captured": 0}, {"id": 17, "width": 2016, "height": 1134, "file_name": "PXL_20201202_183925702_RESIZE.jpg", "license": 0, "flickr_url": "", "coco_url": "", "date_captured": 0}, {"id": 18, "width": 2016, "height": 1134, "file_name": "PXL_20201202_183925478_RESIZE.jpg", "license": 0, "flickr_url": "", "coco_url": "", "date_captured": 0}, {"id": 19, "width": 2016, "height": 1134, "file_name": "PXL_20201202_183923710_RESIZE.jpg", "license": 0, "flickr_url": "", "coco_url": "", "date_captured": 0}, {"id": 20, "width": 2016, "height": 1134, "file_name": "PXL_20201202_183921765_RESIZE.jpg", "license": 0, "flickr_url": "", "coco_url": "", "date_captured": 0}, {"id": 21, "width": 2016, "height": 1134, "file_name": "PXL_20201202_183920317_RESIZE.jpg", "license": 0, "flickr_url": "", "coco_url": "", "date_captured": 0}, {"id": 22, "width": 2016, "height": 1134, "file_name": "PXL_20201202_183915951_RESIZE.jpg", "license": 0, "flickr_url": "", "coco_url": "", "date_captured": 0}, {"id": 23, "width": 2016, "height": 1134, "file_name": "PXL_20201202_183914396_RESIZE.jpg", "license": 0, "flickr_url": "", "coco_url": "", "date_captured": 0}, {"id": 24, "width": 2016, "height": 1134, "file_name": "PXL_20201202_183911727_RESIZE.jpg", "license": 0, "flickr_url": "", "coco_url": "", "date_captured": 0}, {"id": 25, "width": 2016, "height": 1134, "file_name": "PXL_20201202_183910245_RESIZE.jpg", "license": 0, "flickr_url": "", "coco_url": "", "date_captured": 0}, {"id": 26, "width": 2016, "height": 1134, "file_name": "PXL_20201202_183908852_RESIZE.jpg", "license": 0, "flickr_url": "", "coco_url": "", "date_captured": 0}, {"id": 27, "width": 2016, "height": 1134, "file_name": "PXL_20201202_183907306_RESIZE.jpg", "license": 0, "flickr_url": "", "coco_url": "", "date_captured": 0}, {"id": 28, "width": 2016, "height": 1134, "file_name": "PXL_20201202_183905271_RESIZE.jpg", "license": 0, "flickr_url": "", "coco_url": "", "date_captured": 0}, {"id": 29, "width": 2016, "height": 1134, "file_name": "PXL_20201202_183904192_RESIZE.jpg", "license": 0, "flickr_url": "", "coco_url": "", "date_captured": 0}, {"id": 30, "width": 2016, "height": 1134, "file_name": "PXL_20201202_183903255_RESIZE.jpg", "license": 0, "flickr_url": "", "coco_url": "", "date_captured": 0}, {"id": 31, "width": 2016, "height": 1134, "file_name": "PXL_20201202_183902097_RESIZE.jpg", "license": 0, "flickr_url": "", "coco_url": "", "date_captured": 0}, {"id": 32, "width": 2016, "height": 1134, "file_name": "PXL_20201202_183900643_RESIZE.jpg", "license": 0, "flickr_url": "", "coco_url": "", "date_captured": 0}, {"id": 33, "width": 2016, "height": 1134, "file_name": "PXL_20201202_183859758_RESIZE.jpg", "license": 0, "flickr_url": "", "coco_url": "", "date_captured": 0}, {"id": 34, "width": 2016, "height": 1134, "file_name": "PXL_20201202_183857507_RESIZE.jpg", "license": 0, "flickr_url": "", "coco_url": "", "date_captured": 0}, {"id": 35, "width": 2016, "height": 1134, "file_name": "PXL_20201202_183852283_RESIZE.jpg", "license": 0, "flickr_url": "", "coco_url": "", "date_captured": 0}, {"id": 36, "width": 2016, "height": 1134, "file_name": "PXL_20201202_183851175_RESIZE.jpg", "license": 0, "flickr_url": "", "coco_url": "", "date_captured": 0}, {"id": 37, "width": 2016, "height": 1134, "file_name": "PXL_20201202_183849957_RESIZE.jpg", "license": 0, "flickr_url": "", "coco_url": "", "date_captured": 0}, {"id": 38, "width": 2016, "height": 1134, "file_name": "PXL_20201202_183848726_RESIZE.jpg", "license": 0, "flickr_url": "", "coco_url": "", "date_captured": 0}, {"id": 39, "width": 2016, "height": 1134, "file_name": "PXL_20201202_183847638_RESIZE.jpg", "license": 0, "flickr_url": "", "coco_url": "", "date_captured": 0}, {"id": 40, "width": 2016, "height": 1134, "file_name": "PXL_20201202_183846361_RESIZE.jpg", "license": 0, "flickr_url": "", "coco_url": "", "date_captured": 0}, {"id": 41, "width": 2016, "height": 1134, "file_name": "PXL_20201202_183844446_RESIZE.jpg", "license": 0, "flickr_url": "", "coco_url": "", "date_captured": 0}, {"id": 42, "width": 2016, "height": 1134, "file_name": "PXL_20201202_183842725_RESIZE.jpg", "license": 0, "flickr_url": "", "coco_url": "", "date_captured": 0}, {"id": 43, "width": 2016, "height": 1134, "file_name": "PXL_20201202_183837997_RESIZE.jpg", "license": 0, "flickr_url": "", "coco_url": "", "date_captured": 0}, {"id": 44, "width": 2016, "height": 1134, "file_name": "PXL_20201202_183835982_RESIZE.jpg", "license": 0, "flickr_url": "", "coco_url": "", "date_captured": 0}, {"id": 45, "width": 2016, "height": 1134, "file_name": "PXL_20201202_183833000_RESIZE.jpg", "license": 0, "flickr_url": "", "coco_url": "", "date_captured": 0}, {"id": 46, "width": 2016, "height": 1134, "file_name": "PXL_20201202_183829674_RESIZE.jpg", "license": 0, "flickr_url": "", "coco_url": "", "date_captured": 0}], "annotations": [{"id": 1, "image_id": 1, "category_id": 1, "segmentation": [[1031.89, 100.85, 685.6, 531.25, 925.34, 1086.42, 1424.43, 734.53]], "area": 374914.0, "bbox": [685.6, 100.85, 738.83, 985.57], "iscrowd": 0, "attributes": {"occluded": false}}, {"id": 2, "image_id": 2, "category_id": 1, "segmentation": [[740.28, 291.52, 1239.37, 273.29, 1211.33, 887.34, 716.45, 820.05]], "area": 284623.0, "bbox": [716.45, 273.29, 522.92, 614.05], "iscrowd": 0, "attributes": {"occluded": false}}, {"id": 3, "image_id": 3, "category_id": 1, "segmentation": [[649.15, 346.19, 1229.56, 191.98, 1460.88, 650.42, 703.83, 866.32]], "area": 353656.0, "bbox": [649.15, 191.98, 811.73, 674.34], "iscrowd": 0, "attributes": {"occluded": false}}, {"id": 4, "image_id": 4, "category_id": 1, "segmentation": [[1052.92, 341.99, 916.9, 465.4, 958.98, 675.65, 1103.38, 573.31]], "area": 36174.0, "bbox": [916.9, 341.99, 186.48, 333.66], "iscrowd": 0, "attributes": {"occluded": false}}, {"id": 5, "image_id": 5, "category_id": 1, "segmentation": [[916.9, 574.7, 884.7, 741.5, 1146.85, 754.16, 1153.85, 583.12]], "area": 42332.0, "bbox": [884.7, 574.7, 269.15, 179.46], "iscrowd": 0, "attributes": {"occluded": false}}, {"id": 6, "image_id": 6, "category_id": 1, "segmentation": [[677.19, 316.75, 598.68, 908.37, 1277.23, 871.92, 1594.07, 374.23]], "area": 436549.0, "bbox": [598.68, 316.75, 995.39, 591.62], "iscrowd": 0, "attributes": {"occluded": false}}, {"id": 7, "image_id": 7, "category_id": 1, "segmentation": [[612.7, 274.69, 1313.68, 245.25, 1368.35, 949.03, 639.34, 996.7]], "area": 511299.0, "bbox": [612.7, 245.25, 755.65, 751.45], "iscrowd": 0, "attributes": {"occluded": false}}, {"id": 8, "image_id": 8, "category_id": 1, "segmentation": [[671.58, 410.68, 639.34, 806.03, 1334.71, 866.32, 1194.51, 480.78]], "area": 234396.0, "bbox": [639.34, 410.68, 695.37, 455.64], "iscrowd": 0, "attributes": {"occluded": false}}, {"id": 9, "image_id": 9, "category_id": 1, "segmentation": [[1015.06, 916.79, 740.28, 430.31, 1003.85, 96.65, 1409.01, 770.98]], "area": 272392.0, "bbox": [740.28, 96.65, 668.73, 820.14], "iscrowd": 0, "attributes": {"occluded": false}}, {"id": 10, "image_id": 10, "category_id": 1, "segmentation": [[667.38, 459.75, 1177.69, 217.21, 1462.28, 678.45, 846.83, 977.07]], "area": 338106.0, "bbox": [667.38, 217.21, 794.9, 759.86], "iscrowd": 0, "attributes": {"occluded": false}}, {"id": 11, "image_id": 11, "category_id": 1, "segmentation": [[965.99, 166.74, 713.6, 644.8, 1296.85, 919.59, 1474.9, 409.28]], "area": 325565.0, "bbox": [713.6, 166.74, 761.3, 752.85], "iscrowd": 0, "attributes": {"occluded": false}}, {"id": 12, "image_id": 12, "category_id": 1, "segmentation": [[646.35, 584.52, 1013.66, 206.0, 1502.94, 455.54, 1149.65, 936.41]], "area": 321595.0, "bbox": [646.35, 206.0, 856.59, 730.41], "iscrowd": 0, "attributes": {"occluded": false}}, {"id": 13, "image_id": 13, "category_id": 1, "segmentation": [[975.81, 301.33, 1329.1, 550.88, 991.23, 989.69, 695.42, 674.25]], "area": 219030.0, "bbox": [695.42, 301.33, 633.68, 688.36], "iscrowd": 0, "attributes": {"occluded": false}}, {"id": 14, "image_id": 14, "category_id": 1, "segmentation": [[1066.93, 168.15, 670.18, 506.02, 1033.29, 902.77, 1470.69, 492.0]], "area": 293739.0, "bbox": [670.18, 168.15, 800.51, 734.62], "iscrowd": 0, "attributes": {"occluded": false}}, {"id": 15, "image_id": 15, "category_id": 1, "segmentation": [[1100.58, 378.44, 932.35, 716.31, 1228.16, 855.1, 1423.03, 441.53]], "area": 134469.0, "bbox": [932.35, 378.44, 490.68, 476.66], "iscrowd": 0, "attributes": {"occluded": false}}, {"id": 16, "image_id": 16, "category_id": 1, "segmentation": [[1100.58, 152.72, 1341.72, 703.69, 821.59, 912.58, 622.52, 407.88]], "area": 314498.0, "bbox": [622.52, 152.72, 719.2, 759.86], "iscrowd": 0, "attributes": {"occluded": false}}, {"id": 17, "image_id": 17, "category_id": 1, "segmentation": [[1340.31, 271.89, 918.33, 264.88, 846.83, 632.19, 1331.9, 658.83]], "area": 171772.0, "bbox": [846.83, 264.88, 493.48, 393.95], "iscrowd": 0, "attributes": {"occluded": false}}, {"id": 18, "image_id": 18, "category_id": 1, "segmentation": [[918.33, 263.48, 852.44, 627.98, 1333.3, 654.62, 1350.13, 269.09]], "area": 171858.0, "bbox": [852.44, 263.48, 497.69, 391.14], "iscrowd": 0, "attributes": {"occluded": false}}, {"id": 19, "image_id": 19, "category_id": 1, "segmentation": [[951.97, 332.17, 1323.49, 407.88, 1195.91, 803.23, 810.38, 685.46]], "area": 154672.0, "bbox": [810.38, 332.17, 513.11, 471.06], "iscrowd": 0, "attributes": {"occluded": false}}, {"id": 20, "image_id": 20, "category_id": 1, "segmentation": [[1179.09, 257.87, 692.61, 375.63, 778.13, 871.92, 1296.85, 776.59]], "area": 265913.0, "bbox": [692.61, 257.87, 604.24, 614.05], "iscrowd": 0, "attributes": {"occluded": false}}, {"id": 21, "image_id": 21, "category_id": 1, "segmentation": [[856.36, 309.6, 745.61, 777.85, 1199.84, 936.27, 1335.83, 416.15]], "area": 246980.0, "bbox": [745.61, 309.6, 590.22, 626.67], "iscrowd": 0, "attributes": {"occluded": false}}, {"id": 22, "image_id": 22, "category_id": 1, "segmentation": [[849.63, 326.57, 636.54, 678.45, 1017.87, 834.07, 1222.55, 413.49]], "area": 170950.0, "bbox": [636.54, 326.57, 586.01, 507.5], "iscrowd": 0, "attributes": {"occluded": false}}, {"id": 23, "image_id": 23, "category_id": 1, "segmentation": [[996.84, 161.14, 665.98, 605.55, 1097.78, 950.43, 1455.27, 503.21]], "area": 316588.0, "bbox": [665.98, 161.14, 789.29, 789.29], "iscrowd": 0, "attributes": {"occluded": false}}, {"id": 24, "image_id": 24, "category_id": 1, "segmentation": [[736.45, 559.48, 1024.42, 71.56, 1510.85, 528.15, 1072.17, 1020.54]], "area": 368198.0, "bbox": [736.45, 71.56, 774.4, 948.98], "iscrowd": 0, "attributes": {"occluded": false}}, {"id": 25, "image_id": 25, "category_id": 1, "segmentation": [[746.89, 666.91, 928.93, 199.89, 1367.61, 484.88, 1085.6, 1005.62]], "area": 264371.0, "bbox": [746.89, 199.89, 620.72, 805.73], "iscrowd": 0, "attributes": {"occluded": false}}, {"id": 26, "image_id": 26, "category_id": 1, "segmentation": [[839.4, 368.49, 1269.13, 320.75, 1245.25, 920.57, 828.96, 853.43]], "area": 229601.0, "bbox": [828.96, 320.75, 440.17, 599.82], "iscrowd": 0, "attributes": {"occluded": false}}, {"id": 27, "image_id": 27, "category_id": 1, "segmentation": [[676.76, 537.1, 1016.96, 199.89, 1272.11, 690.79, 836.42, 993.69]], "area": 250189.0, "bbox": [676.76, 199.89, 595.35, 793.8], "iscrowd": 0, "attributes": {"occluded": false}}, {"id": 28, "image_id": 28, "category_id": 1, "segmentation": [[884.16, 298.36, 1352.69, 105.88, 1421.32, 771.36, 884.16, 835.52]], "area": 306929.0, "bbox": [884.16, 105.88, 537.16, 729.64], "iscrowd": 0, "attributes": {"occluded": false}}, {"id": 29, "image_id": 29, "category_id": 1, "segmentation": [[837.91, 563.96, 969.21, 201.38, 1261.67, 322.24, 1084.11, 769.87]], "area": 134277.0, "bbox": [837.91, 201.38, 423.76, 568.49], "iscrowd": 0, "attributes": {"occluded": false}}, {"id": 30, "image_id": 30, "category_id": 1, "segmentation": [[897.59, 622.15, 1010.99, 407.29, 1128.87, 577.39, 996.07, 808.66]], "area": 46065.0, "bbox": [897.59, 407.29, 231.28, 401.37], "iscrowd": 0, "attributes": {"occluded": false}}, {"id": 31, "image_id": 31, "category_id": 1, "segmentation": [[788.67, 449.07, 984.14, 290.9, 1067.69, 604.25, 855.81, 737.04]], "area": 72183.0, "bbox": [788.67, 290.9, 279.02, 446.14], "iscrowd": 0, "attributes": {"occluded": false}}, {"id": 32, "image_id": 32, "category_id": 1, "segmentation": [[852.83, 635.58, 967.72, 313.29, 1218.4, 381.92, 1081.12, 759.42]], "area": 95927.0, "bbox": [852.83, 313.29, 365.57, 446.13], "iscrowd": 0, "attributes": {"occluded": false}}, {"id": 33, "image_id": 33, "category_id": 1, "segmentation": [[779.72, 566.94, 1130.36, 311.79, 1360.15, 646.02, 927.44, 938.48]], "area": 189864.0, "bbox": [779.72, 311.79, 580.43, 626.69], "iscrowd": 0, "attributes": {"occluded": false}}, {"id": 34, "image_id": 34, "category_id": 1, "segmentation": [[654.38, 455.04, 1079.63, 164.07, 1324.34, 677.36, 811.05, 938.48]], "area": 289306.0, "bbox": [654.38, 164.07, 669.96, 774.41], "iscrowd": 0, "attributes": {"occluded": false}}, {"id": 35, "image_id": 35, "category_id": 1, "segmentation": [[699.14, 677.36, 793.15, 259.57, 1152.74, 314.78, 1030.39, 816.12]], "area": 169223.0, "bbox": [699.14, 259.57, 453.6, 556.55], "iscrowd": 0, "attributes": {"occluded": false}}, {"id": 36, "image_id": 36, "category_id": 1, "segmentation": [[1016.96, 267.03, 1330.3, 435.64, 1143.79, 787.77, 864.77, 592.31]], "area": 131180.0, "bbox": [864.77, 267.03, 465.53, 520.74], "iscrowd": 0, "attributes": {"occluded": false}}, {"id": 37, "image_id": 37, "category_id": 1, "segmentation": [[767.78, 563.96, 1010.99, 316.27, 1185.57, 629.61, 884.16, 889.24]], "area": 123858.0, "bbox": [767.78, 316.27, 417.79, 572.97], "iscrowd": 0, "attributes": {"occluded": false}}, {"id": 38, "image_id": 38, "category_id": 1, "segmentation": [[875.21, 602.75, 1003.53, 219.28, 1346.72, 262.55, 1190.05, 725.11]], "area": 151014.0, "bbox": [875.21, 219.28, 471.51, 505.83], "iscrowd": 0, "attributes": {"occluded": false}}, {"id": 39, "image_id": 39, "category_id": 1, "segmentation": [[936.39, 392.37, 1154.24, 196.9, 1272.11, 502.78, 1018.45, 681.84]], "area": 88899.0, "bbox": [936.39, 196.9, 335.72, 484.94], "iscrowd": 0, "attributes": {"occluded": false}}, {"id": 40, "image_id": 40, "category_id": 1, "segmentation": [[920.27, 600.96, 1014.28, 307.02, 1227.65, 363.72, 1111.26, 702.43]], "area": 72274.0, "bbox": [920.27, 307.02, 307.38, 395.41], "iscrowd": 0, "attributes": {"occluded": false}}, {"id": 41, "image_id": 41, "category_id": 1, "segmentation": [[987.12, 389.38, 1199.0, 313.29, 1219.89, 665.42, 1002.04, 692.28]], "area": 71271.0, "bbox": [987.12, 313.29, 232.77, 378.99], "iscrowd": 0, "attributes": {"occluded": false}}, {"id": 42, "image_id": 42, "category_id": 1, "segmentation": [[587.24, 663.93, 781.21, 26.8, 1339.26, 308.81, 993.09, 1090.67]], "area": 437571.0, "bbox": [587.24, 26.8, 752.02, 1063.87], "iscrowd": 0, "attributes": {"occluded": false}}, {"id": 43, "image_id": 43, "category_id": 1, "segmentation": [[785.69, 640.06, 972.2, 253.6, 1391.48, 516.21, 1137.82, 902.67]], "area": 206825.0, "bbox": [785.69, 253.6, 605.79, 649.07], "iscrowd": 0, "attributes": {"occluded": false}}, {"id": 44, "image_id": 44, "category_id": 1, "segmentation": [[746.89, 287.92, 1325.83, 219.28, 1376.56, 835.52, 778.23, 868.35]], "area": 354370.0, "bbox": [746.89, 219.28, 629.67, 649.07], "iscrowd": 0, "attributes": {"occluded": false}}, {"id": 45, "image_id": 45, "category_id": 1, "segmentation": [[820.0, 487.86, 1072.17, 255.09, 1237.79, 574.4, 936.39, 804.19]], "area": 120621.0, "bbox": [820.0, 255.09, 417.79, 549.1], "iscrowd": 0, "attributes": {"occluded": false}}, {"id": 46, "image_id": 46, "category_id": 1, "segmentation": [[754.35, 820.6, 1242.27, 854.92, 1233.32, 252.11, 746.89, 308.81]], "area": 271622.0, "bbox": [746.89, 252.11, 495.38, 602.81], "iscrowd": 0, "attributes": {"occluded": false}}]}